City_ID,City,Country,Date,Lat,Lng,Max Temp,Humidity,Cloudiness,Wind Speed
0,Mataura,NZ,2022-08-03 05:31:35,-46.1927,168.8643,44.47,87,51,4.41
1,Sao Filipe,CV,2022-08-03 05:31:35,14.8961,-24.4956,76.87,83,17,2.73
2,Hilo,US,2022-08-03 05:31:35,19.7297,-155.09,76.73,81,0,5.75
3,Flin Flon,CA,2022-08-03 05:31:36,54.7682,-101.865,52.36,86,99,9.93
4,Butaritari,KI,2022-08-03 05:31:36,3.0707,172.7902,81.21,79,44,13.38
5,Port Alfred,ZA,2022-08-03 05:31:37,-33.5906,26.891,66.2,55,16,5.46
6,Nenjiang,CN,2022-08-03 05:31:37,49.1833,125.2167,85.89,53,15,4.74
7,Tuktoyaktuk,CA,2022-08-03 05:31:38,69.4541,-133.0374,51.8,87,75,11.5
8,Vaini,TO,2022-08-03 05:31:38,-21.2,-175.2,77.16,94,75,8.05
9,Bredasdorp,ZA,2022-08-03 05:31:38,-34.5322,20.0403,48.72,89,13,3.87
10,Port Lincoln,AU,2022-08-03 05:30:46,-34.7333,135.8667,62.42,57,18,32.41
11,Albany,US,2022-08-03 05:30:02,42.6001,-73.9662,68.41,83,0,4.63
12,Necochea,AR,2022-08-03 05:30:06,-38.5473,-58.7368,49.5,94,94,5.91
13,Hovd,MN,2022-08-03 05:31:40,48.0056,91.6419,77.94,23,16,6.04
14,Ormond Beach,US,2022-08-03 05:31:40,29.2858,-81.0559,78.03,91,75,5.75
15,Iqaluit,CA,2022-08-03 05:29:51,63.7506,-68.5145,38.93,93,75,0.0
16,Qaanaaq,GL,2022-08-03 05:31:41,77.484,-69.3632,40.73,65,38,5.86
17,Atuona,PF,2022-08-03 05:31:41,-9.8,-139.0333,77.56,75,13,15.1
18,Ushuaia,AR,2022-08-03 05:29:03,-54.8,-68.3,37.06,93,75,2.3
19,Barrow,US,2022-08-03 05:31:42,71.2906,-156.7887,51.82,71,0,10.36
20,Hobart,AU,2022-08-03 05:31:33,-42.8794,147.3294,59.25,63,92,4.0
21,Vardo,NO,2022-08-03 05:31:43,70.3705,31.1107,51.78,100,100,17.27
22,Bluff,NZ,2022-08-03 05:31:43,-46.6,168.3333,44.8,72,56,25.5
23,Bac Lieu,VN,2022-08-03 05:31:43,9.285,105.7244,87.69,64,95,7.38
24,Puerto Ayora,EC,2022-08-03 05:31:44,-0.7393,-90.3518,69.55,87,30,5.01
25,Gladstone,AU,2022-08-03 05:31:44,-23.85,151.25,74.79,64,40,10.36
26,Ponta Do Sol,PT,2022-08-03 05:31:45,32.6667,-17.1,70.72,75,7,4.74
27,Namibe,AO,2022-08-03 05:31:45,-15.1961,12.1522,58.3,79,56,3.51
28,Odweyne,SO,2022-08-03 05:31:46,9.4092,45.064,76.71,45,16,24.4
29,Forbes,AU,2022-08-03 05:31:46,-33.3833,148.0167,70.92,67,14,13.78
30,Ca Mau,VN,2022-08-03 05:31:46,9.1769,105.15,88.77,61,96,7.14
31,Jamestown,US,2022-08-03 05:31:47,42.097,-79.2353,63.99,72,0,3.44
32,Katsuura,JP,2022-08-03 05:31:47,35.1333,140.3,87.64,71,95,14.54
33,Mayo,US,2022-08-03 05:31:48,38.8876,-76.5119,80.13,83,0,4.61
34,Sioux Lookout,CA,2022-08-03 05:31:48,50.1001,-91.917,62.67,94,100,5.75
35,Lorengau,PG,2022-08-03 05:31:48,-2.0226,147.2712,82.11,79,100,13.78
36,Bethel,US,2022-08-03 05:27:49,41.3712,-73.414,74.75,88,0,0.0
37,Roebourne,AU,2022-08-03 05:31:49,-20.7833,117.1333,78.93,33,0,13.85
38,Georgetown,MY,2022-08-03 05:27:43,5.4112,100.3354,80.89,78,20,4.61
39,Provideniya,RU,2022-08-03 05:31:50,64.3833,-173.3,46.51,100,0,11.18
40,Ariquemes,BR,2022-08-03 05:31:50,-9.9133,-63.0408,76.14,52,100,0.63
41,Punta Arenas,CL,2022-08-03 05:31:50,-53.15,-70.9167,39.31,93,75,5.75
42,Santo Antonio Do Leverger,BR,2022-08-03 05:31:51,-15.8656,-56.0767,71.98,31,19,2.53
43,Busselton,AU,2022-08-03 05:31:51,-33.65,115.3333,54.61,81,99,30.04
44,Nikolskoye,RU,2022-08-03 05:31:52,59.7035,30.7861,66.09,67,31,6.67
45,Olafsvik,IS,2022-08-03 05:31:52,64.8945,-23.7142,46.69,68,84,11.16
46,Rikitea,PF,2022-08-03 05:31:52,-23.1203,-134.9692,72.48,71,70,18.59
47,Nirasaki,JP,2022-08-03 05:32:53,35.7,138.45,100.47,39,27,1.99
48,Shiyan,CN,2022-08-03 05:32:53,32.6475,110.7781,96.98,46,12,5.3
49,North Druid Hills,US,2022-08-03 05:32:54,33.8168,-84.3133,78.93,81,0,4.61
50,Saskylakh,RU,2022-08-03 05:32:54,71.9167,114.0833,48.07,62,100,13.4
51,Shubarshi,KZ,2022-08-03 05:32:55,48.5872,57.1869,80.91,40,53,7.83
52,Praia,CV,2022-08-03 05:32:55,14.9215,-23.5087,77.54,83,20,4.61
53,Port-Gentil,GA,2022-08-03 05:32:55,-0.7193,8.7815,71.56,94,75,4.61
54,Axim,GH,2022-08-03 05:32:56,4.8699,-2.2405,72.14,77,21,6.53
55,Kamaishi,JP,2022-08-03 05:32:56,39.2667,141.8833,76.91,91,100,12.82
56,Thompson,CA,2022-08-03 05:32:57,55.7435,-97.8558,53.76,76,75,9.22
57,Okara,PK,2022-08-03 05:32:57,30.8081,73.4458,95.36,50,65,5.64
58,Codrington,AU,2022-08-03 05:32:57,-38.2667,141.9667,60.44,62,9,19.8
59,Carnarvon,AU,2022-08-03 05:32:58,-24.8667,113.6333,67.53,61,92,20.98
60,Gumdag,TM,2022-08-03 05:32:58,39.2061,54.5906,97.7,16,3,14.0
61,Bulancak,TR,2022-08-03 05:32:59,40.9372,38.2291,78.62,73,75,10.36
62,East Grinstead,GB,2022-08-03 05:32:59,51.1238,-0.0061,65.26,88,75,5.75
63,Hamilton,US,2022-08-03 05:33:00,39.1834,-84.5333,72.77,92,0,6.91
64,Lasa,IT,2022-08-03 05:33:00,46.6166,10.7002,61.68,71,24,1.01
65,Houlton,US,2022-08-03 05:33:01,46.1262,-67.8403,64.81,82,100,4.61
66,Beloha,MG,2022-08-03 05:33:01,-25.1667,45.05,68.61,57,0,13.85
67,Byron Bay,AU,2022-08-03 05:29:03,-28.65,153.6167,71.94,62,38,10.42
68,Yanam,IN,2022-08-03 05:29:36,16.7333,82.2167,90.46,56,92,5.44
69,Jacareacanga,BR,2022-08-03 05:33:02,-6.2222,-57.7528,72.91,83,28,1.54
70,Marawi,PH,2022-08-03 05:33:03,7.9986,124.2928,76.82,86,71,3.8
71,Payakumbuh,ID,2022-08-03 05:33:03,-0.2202,100.6308,75.51,87,100,2.21
72,Pisco,PE,2022-08-03 05:33:04,-13.7,-76.2167,56.01,88,1,8.05
73,Gaffney,US,2022-08-03 05:33:04,35.0718,-81.6498,74.28,70,91,2.82
74,Colchester,GB,2022-08-03 05:29:18,51.8892,0.9042,66.29,87,25,10.56
75,Faya,SA,2022-08-03 05:33:05,18.3851,42.4509,66.31,53,72,3.71
76,Mutsu,JP,2022-08-03 05:33:06,41.2894,141.2169,68.13,95,100,8.68
77,Cape Town,ZA,2022-08-03 05:33:06,-33.9258,18.4232,57.38,88,40,2.3
78,Oksfjord,NO,2022-08-03 05:33:07,70.2396,22.3479,55.47,79,87,5.19
79,Melhus,NO,2022-08-03 05:33:07,63.2855,10.2781,64.06,75,100,3.47
80,Doha,QA,2022-08-03 05:28:36,25.2867,51.5333,98.91,61,0,5.75
81,Pangnirtung,CA,2022-08-03 05:32:35,66.1451,-65.7125,44.71,85,64,1.43
82,Afrikanda,RU,2022-08-03 05:33:08,67.4429,32.7828,52.9,93,100,7.36
83,Pasighat,IN,2022-08-03 05:33:09,28.0667,95.3333,89.44,69,100,3.98
84,Hithadhoo,MV,2022-08-03 05:33:09,-0.6,73.0833,80.76,74,92,11.63
85,Nome,US,2022-08-03 05:33:09,64.5011,-165.4064,62.17,63,0,14.97
86,Hampden,US,2022-08-03 05:33:10,42.1668,-72.5829,71.62,85,0,1.01
87,New Norfolk,AU,2022-08-03 05:33:10,-42.7826,147.0587,58.91,75,97,7.0
88,Castro,BR,2022-08-03 05:33:11,-24.7911,-50.0119,55.26,80,0,4.07
89,Homer,US,2022-08-03 05:32:00,59.6425,-151.5483,57.09,82,0,5.75
90,Mehran,IR,2022-08-03 05:33:11,33.1222,46.1646,107.76,16,0,3.04
91,Guerrero Negro,MX,2022-08-03 05:32:40,27.9769,-114.0611,71.2,83,31,12.88
92,Biak,ID,2022-08-03 05:34:12,-0.9131,122.8766,80.89,73,84,7.11
93,Miri,MY,2022-08-03 05:34:13,4.4148,114.0089,86.14,79,40,6.91
94,Kapaa,US,2022-08-03 05:34:13,22.0752,-159.319,84.18,77,40,18.41
95,Mar Del Plata,AR,2022-08-03 05:31:49,-38.0023,-57.5575,54.09,97,28,3.0
96,Airai,TL,2022-08-03 05:34:14,-8.9266,125.4092,75.06,41,94,2.98
97,Okhotsk,RU,2022-08-03 05:34:14,59.3833,143.3,60.87,77,92,10.65
98,Tartus,SY,2022-08-03 05:34:15,34.889,35.8866,82.63,67,13,5.08
99,Pyapon,MM,2022-08-03 05:34:15,16.2833,95.6833,82.09,81,100,11.43
100,Kavieng,PG,2022-08-03 05:34:16,-2.5744,150.7967,83.12,75,22,13.51
101,Lebu,CL,2022-08-03 05:34:16,-37.6167,-73.65,44.38,85,24,9.46
102,Saint-Pierre,RE,2022-08-03 05:34:17,-21.3393,55.4781,71.91,83,75,9.22
103,San Patricio,US,2022-08-03 05:34:17,28.017,-97.5169,85.89,78,7,15.79
104,Dikson,RU,2022-08-03 05:34:18,73.5069,80.5464,45.46,87,100,16.93
105,Hermanus,ZA,2022-08-03 05:34:18,-34.4187,19.2345,51.8,86,12,3.49
106,Can Tho,VN,2022-08-03 05:34:19,10.0333,105.7833,78.78,94,75,9.22
107,East London,ZA,2022-08-03 05:34:19,-33.0153,27.9116,61.74,67,0,6.91
108,Hwange,ZW,2022-08-03 05:34:20,-18.3693,26.5019,61.68,72,0,7.92
109,Meulaboh,ID,2022-08-03 05:34:20,4.1363,96.1285,78.08,85,100,5.01
110,Half Moon Bay,US,2022-08-03 05:30:30,37.4636,-122.4286,70.03,76,100,10.36
111,Nanortalik,GL,2022-08-03 05:34:21,60.1432,-45.2371,45.23,77,50,5.48
112,Beringovskiy,RU,2022-08-03 05:34:22,63.05,179.3167,56.91,67,21,7.87
113,Longido,TZ,2022-08-03 05:34:22,-2.7333,36.6833,64.92,56,4,8.01
114,Choszczno,PL,2022-08-03 05:34:22,53.169,15.4205,71.24,50,63,4.07
115,Nikki,BJ,2022-08-03 05:34:23,9.9401,3.2108,69.57,97,100,5.7
116,Sidi Ali,DZ,2022-08-03 05:34:23,36.0998,0.4206,78.58,41,0,2.64
117,Lerwick,GB,2022-08-03 05:34:24,60.1545,-1.1494,55.4,92,100,18.23
118,Saint-Philippe,RE,2022-08-03 05:34:24,-21.3585,55.7679,67.21,85,66,12.5
119,Tuatapere,NZ,2022-08-03 05:34:25,-46.1333,167.6833,46.18,78,64,4.83
120,Yar-Sale,RU,2022-08-03 05:34:25,66.8333,70.8333,70.48,47,95,11.99
121,Diamantino,BR,2022-08-03 05:34:26,-14.4086,-56.4461,70.05,35,0,5.46
122,Outlook,CA,2022-08-03 05:33:29,51.5001,-107.0513,57.36,78,84,7.49
123,Katima Mulilo,NA,2022-08-03 05:34:26,-17.5,24.2667,61.54,60,2,9.8
124,Talaya,RU,2022-08-03 05:34:27,61.3833,152.75,70.45,53,96,12.88
125,Luang Prabang,LA,2022-08-03 05:34:27,19.8856,102.1347,89.56,62,40,2.3
126,Naze,JP,2022-08-03 05:34:28,28.3667,129.4833,85.12,76,18,9.31
127,Baiyin,CN,2022-08-03 05:34:28,36.5583,104.2081,85.08,39,5,9.75
128,Kodiak,US,2022-08-03 05:34:29,57.79,-152.4072,63.91,52,0,19.57
129,Puro,PH,2022-08-03 05:34:29,12.4841,123.3827,86.79,65,100,3.49
130,Paamiut,GL,2022-08-03 05:34:29,61.994,-49.6678,43.7,83,100,9.42
131,Cayenne,GF,2022-08-03 05:30:08,4.9333,-52.3333,75.24,1,40,0.0
132,Tasiilaq,GL,2022-08-03 05:34:30,65.6145,-37.6368,41.16,64,20,4.03
133,Saint George,US,2022-08-03 05:34:31,37.1041,-113.5841,90.63,38,0,3.44
134,Thinadhoo,MV,2022-08-03 05:34:31,0.5333,72.9333,80.28,78,77,13.69
135,Fairbanks,US,2022-08-03 05:34:32,64.8378,-147.7164,66.2,82,75,8.05
136,Lasem,ID,2022-08-03 05:34:32,-6.6922,111.4527,86.5,62,100,9.48
137,Moroto,UG,2022-08-03 05:34:32,2.5345,34.6666,66.96,73,32,2.93
138,Hitachi,JP,2022-08-03 05:34:33,36.6,140.65,94.75,73,100,3.67
139,Udachnyy,RU,2022-08-03 05:35:33,66.4167,112.4,46.45,100,100,18.05
140,Cairns,AU,2022-08-03 05:32:09,-16.9167,145.7667,84.07,67,100,12.66
141,La Cruz,MX,2022-08-03 05:35:34,23.9167,-106.9,79.05,80,1,4.56
142,Norman Wells,CA,2022-08-03 05:35:35,65.282,-126.8329,60.84,94,75,5.75
143,Avarua,CK,2022-08-03 05:35:35,-21.2078,-159.775,73.45,53,75,5.75
144,Watertown,US,2022-08-03 05:34:03,42.3709,-71.1828,77.04,65,0,6.91
145,Rio Gallegos,AR,2022-08-03 05:31:41,-51.6226,-69.2181,32.05,86,0,4.61
146,Clyde River,CA,2022-08-03 05:35:36,70.4692,-68.5914,37.63,100,100,2.3
147,Bridlington,GB,2022-08-03 05:30:55,54.0831,-0.1919,67.93,81,89,15.7
148,Wajir,KE,2022-08-03 05:30:54,1.7471,40.0573,77.43,54,21,18.5
149,Pevek,RU,2022-08-03 05:35:37,69.7008,170.3133,36.93,99,100,5.12
150,Gimli,CA,2022-08-03 05:35:37,50.6336,-96.9907,64.36,82,7,15.73
151,Chumikan,RU,2022-08-03 05:35:38,54.7183,135.315,53.65,99,100,7.14
152,Luderitz,NA,2022-08-03 05:35:38,-26.6481,15.1594,53.13,83,1,6.44
153,Brae,GB,2022-08-03 05:35:39,60.3964,-1.353,55.44,93,100,18.81
154,Chhapar,IN,2022-08-03 05:35:39,27.8167,74.4,93.2,49,75,4.97
155,Carquefou,FR,2022-08-03 05:35:40,47.2982,-1.4902,66.27,84,0,3.44
156,Cap Malheureux,MU,2022-08-03 05:35:40,-19.9842,57.6142,73.47,68,11,8.01
157,Taoudenni,ML,2022-08-03 05:35:41,22.6783,-3.9836,94.82,10,90,3.0
158,Manyana,BW,2022-08-03 05:35:41,-23.4,21.7167,49.08,30,0,3.06
159,Bengkulu,ID,2022-08-03 05:31:16,-3.8004,102.2655,81.72,73,96,3.42
160,Bubaque,GW,2022-08-03 05:35:42,11.2833,-15.8333,78.69,81,100,8.77
161,Torbay,CA,2022-08-03 05:33:33,47.6666,-52.7314,62.58,87,20,6.91
162,Pemangkat,ID,2022-08-03 05:35:42,1.1667,108.9667,82.9,76,40,7.18
163,Kawhia,NZ,2022-08-03 05:35:43,-38.0651,174.8183,55.22,92,99,5.41
164,Camopi,GF,2022-08-03 05:35:43,3.1655,-52.3158,70.81,100,82,1.74
165,Alta Floresta,BR,2022-08-03 05:35:44,-9.8756,-56.0861,69.71,43,79,3.44
166,Awbari,LY,2022-08-03 05:35:44,26.5921,12.7805,85.5,25,3,8.16
167,Touros,BR,2022-08-03 05:35:45,-5.1989,-35.4608,74.97,87,10,7.76
168,Bani Walid,LY,2022-08-03 05:35:45,31.7566,13.9942,76.03,69,0,2.26
169,Bogorodskoye,RU,2022-08-03 05:35:45,56.55,37.8833,72.16,55,73,3.47
170,Tezu,IN,2022-08-03 05:35:46,27.9167,96.1667,90.75,65,99,2.53
171,Khatanga,RU,2022-08-03 05:35:46,71.9667,102.5,53.58,49,99,7.65
172,Ostrovnoy,RU,2022-08-03 05:35:47,68.0531,39.5131,51.6,99,100,6.49
173,Manali,IN,2022-08-03 05:35:47,13.1667,80.2667,82.49,89,98,2.84
174,Raudeberg,NO,2022-08-03 05:35:48,61.9875,5.1352,60.96,71,100,15.14
175,Cajati,BR,2022-08-03 05:35:48,-24.7361,-48.1228,60.84,99,26,1.48
176,Koslan,RU,2022-08-03 05:35:49,63.4564,48.8989,72.01,53,100,9.44
177,Tabou,CI,2022-08-03 05:35:49,4.423,-7.3528,74.41,80,100,7.34
178,Romitan,UZ,2022-08-03 05:35:49,39.9343,64.3814,89.55,31,0,2.3
179,Dwarka,IN,2022-08-03 05:35:50,22.2394,68.9678,82.92,76,98,10.04
180,Bilma,NE,2022-08-03 05:35:50,18.6853,12.9164,87.21,46,37,7.27
181,Yashalta,RU,2022-08-03 05:35:51,46.3395,42.2762,81.46,49,49,5.61
182,Rancho Palos Verdes,US,2022-08-03 05:33:28,33.7445,-118.387,72.59,87,5,5.99
183,Sibu,MY,2022-08-03 05:36:51,2.3,111.8167,88.11,62,40,3.44
184,Buala,SB,2022-08-03 05:36:52,-8.145,159.5921,83.46,75,27,11.68
185,Pangody,RU,2022-08-03 05:36:52,65.85,74.4859,70.66,41,23,4.63
186,Yakeshi,CN,2022-08-03 05:36:52,49.2833,120.7333,86.74,45,63,4.72
187,Chauk,MM,2022-08-03 05:36:53,20.8833,94.8167,96.12,43,98,10.11
188,Zharkent,KZ,2022-08-03 05:36:53,44.1628,80.0,88.74,19,100,5.48
189,Alice Springs,AU,2022-08-03 05:36:54,-23.7,133.8833,87.35,14,16,23.02
190,Mnogovershinnyy,RU,2022-08-03 05:36:54,53.9353,139.9242,61.68,87,97,0.76
191,Waddan,LY,2022-08-03 05:36:55,29.1614,16.139,78.26,55,0,5.93
192,Molina,CL,2022-08-03 05:36:55,-35.1167,-71.2833,35.33,100,0,2.3
193,Cherskiy,RU,2022-08-03 05:36:55,68.75,161.3,47.73,87,100,9.35
194,Imbituba,BR,2022-08-03 05:36:56,-28.24,-48.6703,63.09,96,24,4.0
195,Linqiong,CN,2022-08-03 05:36:56,30.4159,103.4609,87.62,64,17,4.45
196,La Cumbre,AR,2022-08-03 05:36:57,-30.982,-64.4914,54.18,62,97,4.5
197,Sudislavl,RU,2022-08-03 05:36:57,57.8817,41.7083,71.11,57,82,3.96
198,San Onofre,CO,2022-08-03 05:36:57,9.7359,-75.5263,77.29,91,99,3.04
199,Mogadishu,SO,2022-08-03 05:36:58,2.0371,45.3438,78.67,78,75,16.11
200,Inhambane,MZ,2022-08-03 05:36:58,-23.865,35.3833,60.78,94,20,4.61
201,Atar,MR,2022-08-03 05:36:59,20.5169,-13.0499,80.47,57,4,9.28
202,Kampot,KH,2022-08-03 05:36:59,10.6167,104.1833,78.85,65,98,10.0
203,Yellowknife,CA,2022-08-03 05:33:31,62.456,-114.3525,57.72,62,20,4.61
204,Gornopravdinsk,RU,2022-08-03 05:37:00,60.05,69.9,72.97,40,9,4.92
205,Chokurdakh,RU,2022-08-03 05:37:00,70.6333,147.9167,57.6,44,100,5.44
206,Chapais,CA,2022-08-03 05:32:45,49.7834,-74.8492,53.38,76,4,1.61
207,Mount Isa,AU,2022-08-03 05:37:01,-20.7333,139.5,89.37,25,9,6.91
208,Yevlax,AZ,2022-08-03 05:37:01,40.6089,47.1492,80.58,69,40,2.3
209,Bowen,AU,2022-08-03 05:37:02,-20.0167,148.2333,71.26,76,2,15.79
210,Vostok,RU,2022-08-03 05:37:02,46.4856,135.8833,75.81,80,28,4.92
211,Portland,US,2022-08-03 05:36:33,45.5234,-122.6762,75.99,56,0,6.91
212,Saldanha,ZA,2022-08-03 05:37:03,-33.0117,17.9442,50.05,88,12,6.69
213,Gorontalo,ID,2022-08-03 05:37:03,0.5412,123.0595,85.37,70,45,8.43
214,Fortuna,US,2022-08-03 05:33:07,40.5982,-124.1573,60.35,91,100,0.0
215,Altay,CN,2022-08-03 05:37:04,47.8667,88.1167,82.15,28,4,10.31
216,Narsaq,GL,2022-08-03 05:37:05,60.9167,-46.05,43.02,76,44,4.23
217,Henderson,US,2022-08-03 05:36:32,36.0397,-114.9819,96.82,33,0,9.22
218,Upernavik,GL,2022-08-03 05:37:06,72.7868,-56.1549,44.22,80,94,4.76
219,Kaitangata,NZ,2022-08-03 05:37:06,-46.2817,169.8464,46.56,82,24,7.54
220,Bundaberg,AU,2022-08-03 05:37:07,-24.85,152.35,73.22,62,23,3.0
221,Aswan,EG,2022-08-03 05:37:07,24.0934,32.907,88.9,19,0,5.75
222,Quatre Cocos,MU,2022-08-03 05:37:08,-20.2078,57.7625,73.09,66,21,12.59
223,Vao,NC,2022-08-03 05:37:08,-22.6667,167.4833,72.05,84,89,11.7
224,Roald,NO,2022-08-03 05:37:09,62.5833,6.1333,62.1,82,75,12.66
225,Ulaangom,MN,2022-08-03 05:37:09,49.9811,92.0667,75.72,40,36,7.58
226,Sampit,ID,2022-08-03 05:37:10,-2.5333,112.95,91.94,50,75,2.84
227,Dingle,PH,2022-08-03 05:37:10,10.9995,122.6711,87.4,68,93,6.46
228,Takoradi,GH,2022-08-03 05:37:11,4.8845,-1.7554,71.64,81,26,6.82
229,Sao Jose Da Coroa Grande,BR,2022-08-03 05:38:11,-8.8978,-35.1478,74.48,87,63,3.6
230,Ostersund,SE,2022-08-03 05:38:12,63.1792,14.6357,58.6,88,0,10.36
231,Mago,RU,2022-08-03 05:38:12,53.2514,140.1822,70.32,77,93,1.5
232,Chalus,IR,2022-08-03 05:38:13,36.655,51.4204,85.46,70,75,4.61
233,Constitucion,CL,2022-08-03 05:38:13,-35.3333,-72.4167,45.46,72,0,5.21
234,Kulhudhuffushi,MV,2022-08-03 05:38:14,6.6221,73.07,80.67,80,99,23.38
235,Hatillo,PR,2022-08-03 05:38:14,18.4863,-66.8254,80.08,91,7,1.99
236,Tigzirt,DZ,2022-08-03 05:38:15,36.8886,4.1198,77.49,49,18,5.39
237,Takaka,NZ,2022-08-03 05:38:15,-40.85,172.8,55.56,83,1,7.74
238,Launceston,AU,2022-08-03 05:37:26,-41.45,147.1667,53.24,90,100,20.71
239,Saint Anthony,US,2022-08-03 05:38:16,45.0205,-93.218,87.73,73,75,35.68
240,Amapa,BR,2022-08-03 05:38:16,1.0,-52.0,70.47,99,98,1.81
241,Frutal,BR,2022-08-03 05:38:17,-20.0247,-48.9406,72.41,45,64,6.26
242,Sao Joao Da Barra,BR,2022-08-03 05:38:17,-21.6403,-41.0511,69.91,93,5,3.49
243,Ulladulla,AU,2022-08-03 05:37:14,-35.35,150.4667,76.1,59,31,5.99
244,Acambay,MX,2022-08-03 05:38:18,19.9558,-99.8417,51.91,92,99,2.62
245,Victoria,HK,2022-08-03 05:36:06,22.2855,114.1577,89.26,78,100,3.0
246,Lugoba,TZ,2022-08-03 05:38:18,-6.45,38.3333,74.12,67,0,4.92
247,Adrar,MR,2022-08-03 05:38:19,20.5022,-10.0711,87.69,40,24,13.2
248,Peniche,PT,2022-08-03 05:38:19,39.3558,-9.3811,67.28,95,100,15.84
249,Along,IN,2022-08-03 05:38:20,28.1667,94.7667,89.33,66,100,3.71
250,Bathsheba,BB,2022-08-03 05:38:20,13.2167,-59.5167,83.01,74,20,20.71
251,San Quintin,MX,2022-08-03 05:38:20,30.4833,-115.95,69.96,85,93,11.23
252,Subang,ID,2022-08-03 05:38:21,-7.1277,108.5283,86.56,56,69,4.94
253,Buraydah,SA,2022-08-03 05:38:21,26.326,43.975,95.45,21,83,7.63
254,Canakkale,TR,2022-08-03 05:37:15,40.0833,26.8333,70.38,65,16,18.12
255,La Macarena,CO,2022-08-03 05:38:22,2.1837,-73.7849,71.1,97,89,1.7
256,Camacha,PT,2022-08-03 05:38:23,33.0833,-16.3333,65.62,77,75,11.5
257,Mahajanga,MG,2022-08-03 05:38:23,-15.7167,46.3167,75.22,50,0,10.36
258,Escanaba,US,2022-08-03 05:38:23,45.7453,-87.0646,70.11,100,100,8.05
259,Ucluelet,CA,2022-08-03 05:33:28,48.9329,-125.5528,59.09,88,22,4.61
260,Krasnoselkup,RU,2022-08-03 05:38:24,65.7,82.4667,64.58,40,26,14.27
261,Margate,GB,2022-08-03 05:35:43,51.3813,1.3862,65.89,95,40,3.0
262,Luangwa,ZM,2022-08-03 05:34:15,-15.6167,30.4167,67.26,71,80,7.72
263,Birao,CF,2022-08-03 05:38:25,10.2849,22.7882,72.84,92,91,5.21
264,Bonnyville,CA,2022-08-03 05:38:25,54.2668,-110.735,55.2,92,43,5.64
265,Rosetta,EG,2022-08-03 05:38:26,31.4044,30.4164,81.0,65,0,12.75
266,Aloleng,PH,2022-08-03 05:38:26,16.1307,119.7824,85.08,69,100,6.46
267,Mwinilunga,ZM,2022-08-03 05:38:27,-11.7358,24.4293,61.56,52,78,8.05
268,Severo-Yeniseyskiy,RU,2022-08-03 05:38:27,60.3725,93.0408,49.39,90,100,3.58
269,Morehead,US,2022-08-03 05:36:09,37.2711,-87.1764,76.78,96,40,0.0
270,Saryozek,KZ,2022-08-03 05:38:27,44.3583,77.9753,79.61,33,85,12.71
271,Mayumba,GA,2022-08-03 05:38:28,-3.432,10.6554,70.11,93,81,8.23
272,Lixourion,GR,2022-08-03 05:38:28,38.2019,20.4314,75.2,88,20,2.3
273,Bossangoa,CF,2022-08-03 05:38:29,6.4926,17.4552,69.73,96,98,0.76
274,Mladenovac,RS,2022-08-03 05:38:29,44.4386,20.6992,71.85,47,39,5.19
275,Dawlatabad,AF,2022-08-03 05:39:30,36.4141,64.9053,93.9,17,0,10.36
276,Trincomalee,LK,2022-08-03 05:39:30,8.5711,81.2335,81.97,74,100,24.76
277,Bairiki,KI,2022-08-03 05:39:31,1.3292,172.9752,84.2,74,20,13.8
278,Chuy,UY,2022-08-03 05:39:32,-33.6971,-53.4616,54.81,96,94,4.47
279,Vestmannaeyjar,IS,2022-08-03 05:39:33,63.4427,-20.2734,47.39,76,40,17.27
280,Teguise,ES,2022-08-03 05:39:33,29.0605,-13.564,68.22,88,0,17.27
281,Nauta,PE,2022-08-03 05:39:34,-4.5061,-73.5757,76.15,82,95,2.51
282,Dubti,ET,2022-08-03 05:39:34,11.7361,41.0853,85.87,50,11,11.25
283,Kota Tinggi,MY,2022-08-03 05:39:35,1.7381,103.8999,84.43,74,100,7.4
284,Vila,PT,2022-08-03 05:39:35,42.0304,-8.1588,56.7,92,1,4.16
285,Kashi,CN,2022-08-03 05:39:36,39.4547,75.9797,65.41,82,75,8.95
286,Sulphur,US,2022-08-03 05:39:35,30.2366,-93.3774,85.98,86,0,5.75
287,General Roca,AR,2022-08-03 05:39:36,-39.0333,-67.5833,43.36,42,0,2.91
288,Sicamous,CA,2022-08-03 05:38:43,50.8331,-118.9856,70.77,56,22,3.09
289,Dhidhdhoo,MV,2022-08-03 05:39:37,6.8833,73.1,80.1,79,98,24.52
290,Muros,ES,2022-08-03 05:39:38,42.7762,-9.0603,70.09,77,35,10.69
291,Hasaki,JP,2022-08-03 05:39:38,35.7333,140.8333,99.0,77,100,8.66
292,Bosaso,SO,2022-08-03 05:39:39,11.2842,49.1816,91.38,66,0,4.61
293,Ternate,ID,2022-08-03 05:39:39,0.8,127.4,81.75,77,69,5.88
294,Machico,PT,2022-08-03 05:39:40,32.7,-16.7667,70.72,69,20,24.16
295,Westport,US,2022-08-03 05:39:40,41.1415,-73.3579,77.07,82,20,5.01
296,Ginir,ET,2022-08-03 05:39:41,7.1333,40.7,63.84,64,73,7.9
297,Bada,RU,2022-08-03 05:39:41,51.392,109.8717,63.27,97,100,2.95
298,Rocha,UY,2022-08-03 05:39:42,-34.4833,-54.3333,54.73,91,90,9.17
299,Hay River,CA,2022-08-03 05:39:42,60.8156,-115.7999,55.38,76,20,4.61
300,Mizdah,LY,2022-08-03 05:39:42,31.4451,12.9801,74.08,67,0,7.78
301,Baruun-Urt,MN,2022-08-03 05:39:43,46.6806,113.2792,88.72,29,10,5.7
302,San Antonio,US,2022-08-03 05:36:55,29.4241,-98.4936,84.72,63,0,14.97
303,Wasilla,US,2022-08-03 05:39:32,61.5814,-149.4394,63.01,83,75,1.01
304,Hirara,JP,2022-08-03 05:39:44,24.8,125.2833,89.87,74,40,18.41
305,Ilulissat,GL,2022-08-03 05:39:44,69.2167,-51.1,50.02,81,100,6.91
306,Mbandaka,CD,2022-08-03 05:39:45,0.0487,18.2603,73.06,77,60,3.02
307,Goure,NE,2022-08-03 05:39:45,13.9835,10.2704,77.02,70,70,0.98
308,Gilgit,PK,2022-08-03 05:39:46,35.9221,74.3087,84.87,37,94,4.23
309,Bernay,FR,2022-08-03 05:39:47,49.1667,0.6667,60.93,81,50,3.62
310,Korem,ET,2022-08-03 05:39:47,12.5058,39.5228,60.71,61,48,5.7
311,Severo-Kurilsk,RU,2022-08-03 05:39:47,50.6789,156.125,56.35,71,52,8.9
312,Laguna,US,2022-08-03 05:39:48,38.421,-121.4238,84.45,45,0,5.75
313,Honiara,SB,2022-08-03 05:39:48,-9.4333,159.95,84.6,73,26,10.0
314,Vila Franca Do Campo,PT,2022-08-03 05:39:49,37.7167,-25.4333,68.41,85,52,4.29
315,Kautokeino,NO,2022-08-03 05:39:49,69.0125,23.0412,54.46,86,97,1.45
316,Lavrentiya,RU,2022-08-03 05:39:49,65.5833,-171.0,55.53,61,14,6.85
317,Baoning,CN,2022-08-03 05:40:50,25.3378,110.026,96.66,46,40,4.47
318,Qaqortoq,GL,2022-08-03 05:40:50,60.7167,-46.0333,45.05,77,40,2.95
319,Coquimbo,CL,2022-08-03 05:40:51,-29.9533,-71.3436,53.33,76,100,2.3
320,Lagoa,PT,2022-08-03 05:40:51,39.05,-27.9833,73.76,87,87,14.81
321,Kushmurun,KZ,2022-08-03 05:40:52,52.4503,64.6311,74.07,45,16,15.68
322,Tiksi,RU,2022-08-03 05:40:52,71.6872,128.8694,40.37,84,100,4.12
323,Yulara,AU,2022-08-03 05:40:52,-25.2406,130.9889,78.4,47,48,28.74
324,Nantucket,US,2022-08-03 05:40:53,41.2835,-70.0995,75.99,98,0,6.91
325,Port Elizabeth,ZA,2022-08-03 05:40:53,-33.918,25.5701,60.31,72,0,10.36
326,Broome,US,2022-08-03 05:40:54,42.2506,-75.833,64.78,94,0,4.61
327,Aksarka,RU,2022-08-03 05:40:54,66.5606,67.7975,72.03,44,89,10.18
328,Esperance,AU,2022-08-03 05:40:55,-33.8667,121.9,60.64,57,36,36.19
329,Port Blair,IN,2022-08-03 05:40:55,11.6667,92.75,82.44,78,75,11.5
330,Tczew,PL,2022-08-03 05:40:56,54.0924,18.7779,67.37,100,96,6.15
331,Dongsheng,CN,2022-08-03 05:40:56,39.8161,109.9776,86.4,36,90,14.16
332,Sitka,US,2022-08-03 05:40:56,57.0531,-135.33,55.29,88,75,4.61
333,Solwezi,ZM,2022-08-03 05:40:57,-12.1688,26.3894,58.73,65,1,9.75
334,Gazli,UZ,2022-08-03 05:40:58,40.1333,63.45,92.95,18,1,10.11
335,Sitio Novo Do Tocantins,BR,2022-08-03 05:40:58,-5.5183,-47.4611,71.53,68,32,1.14
336,Caceres,ES,2022-08-03 05:40:58,39.522,-6.3748,71.78,45,0,3.42
337,Mehamn,NO,2022-08-03 05:40:59,71.0357,27.8492,51.71,100,100,3.44
338,Khani,GE,2022-08-03 05:40:59,41.9563,42.9566,67.57,64,19,3.89
339,Svetlogorsk,BY,2022-08-03 05:41:00,52.6333,29.7333,67.64,77,98,11.68
340,Hofn,IS,2022-08-03 05:41:00,64.2539,-15.2082,48.74,73,79,12.39
341,Sao Joaquim,BR,2022-08-03 05:41:01,-28.2939,-49.9317,50.18,93,2,2.73
342,Bekhtery,UA,2022-08-03 05:41:02,46.251,32.2927,72.55,65,4,13.67
343,Baykit,RU,2022-08-03 05:41:02,61.67,96.37,56.95,76,100,2.15
344,Tommot,RU,2022-08-03 05:41:03,58.9564,126.2925,77.7,61,100,3.74
345,Majenang,ID,2022-08-03 05:41:04,-7.2975,108.7642,84.22,69,90,5.48
346,Tilichiki,RU,2022-08-03 05:41:04,60.4667,166.1,60.33,65,16,5.28
347,Dunedin,NZ,2022-08-03 05:41:05,-45.8742,170.5036,54.81,46,17,3.0
348,Mikhaylovskoye,RU,2022-08-03 05:41:05,51.8239,79.7172,62.73,67,100,8.72
349,San Cristobal,VE,2022-08-03 05:41:06,7.7669,-72.225,68.18,84,96,2.53
350,Ribeira Grande,PT,2022-08-03 05:41:06,38.5167,-28.7,74.98,87,64,13.33
351,Leningradskiy,RU,2022-08-03 05:41:07,69.3833,178.4167,46.81,78,100,3.78
352,Liberia,LR,2022-08-03 05:39:39,6.5,-9.5,69.19,94,100,1.92
353,Oussouye,SN,2022-08-03 05:41:07,12.485,-16.5469,82.49,86,100,5.97
354,Teya,RU,2022-08-03 05:41:08,60.3778,92.6267,52.03,93,100,2.89
355,Cienfuegos,CU,2022-08-03 05:41:09,22.1461,-80.4356,77.14,94,0,6.91
356,Aklavik,CA,2022-08-03 05:41:09,68.2191,-135.0107,46.38,78,98,10.18
357,Rassvet,RU,2022-08-03 05:41:10,46.8333,40.75,76.51,80,29,3.76
358,Clarksburg,US,2022-08-03 05:40:48,39.2807,-80.3445,71.29,93,20,0.0
359,Galle,LK,2022-08-03 05:41:10,6.0367,80.217,80.29,79,100,20.45
360,Arrecife,ES,2022-08-03 05:41:11,28.963,-13.5477,71.58,83,0,20.71
361,Katangli,RU,2022-08-03 05:41:12,51.7102,143.2326,59.77,83,98,11.79
362,Kargasok,RU,2022-08-03 05:41:12,59.0556,80.8572,68.18,47,3,12.77
363,Impfondo,CG,2022-08-03 05:41:13,1.6381,18.0667,74.35,78,19,3.38
364,Asfi,MA,2022-08-03 05:41:14,32.2994,-9.2372,70.16,91,1,12.62
365,Zhigansk,RU,2022-08-03 05:42:14,66.7697,123.3711,55.45,46,88,17.63
366,Sinnamary,GF,2022-08-03 05:42:15,5.3833,-52.95,77.07,89,100,8.84
367,North Bend,US,2022-08-03 05:42:15,43.4065,-124.2243,60.24,94,0,9.22
368,Eydhafushi,MV,2022-08-03 05:42:16,5.1033,73.0708,81.73,78,98,19.62
369,Nishihara,JP,2022-08-03 05:42:16,26.1842,127.7558,86.05,79,75,4.61
370,Madimba,TZ,2022-08-03 05:42:17,-10.4,40.3333,75.31,74,9,8.37
371,Moindou,NC,2022-08-03 05:42:17,-21.6924,165.677,74.48,84,89,7.47
372,Neiafu,TO,2022-08-03 05:42:18,-18.65,-173.9833,79.48,78,75,9.22
373,Turukhansk,RU,2022-08-03 05:42:18,65.8167,87.9833,65.79,36,5,10.65
374,Padang,ID,2022-08-03 05:42:19,-0.9492,100.3543,80.65,81,100,3.8
375,Kahului,US,2022-08-03 05:38:26,20.8947,-156.47,78.82,74,40,13.8
376,Suntar,RU,2022-08-03 05:42:20,62.1444,117.6319,75.54,63,76,6.33
377,Masaka,UG,2022-08-03 05:42:21,-0.3338,31.7341,67.8,71,74,3.83
378,Delijan,IR,2022-08-03 05:42:22,33.9905,50.6838,87.85,18,63,1.72
379,Maceio,BR,2022-08-03 05:42:22,-9.6658,-35.7353,76.44,88,100,4.61
380,Malazgirt,TR,2022-08-03 05:42:23,39.1427,42.5401,82.6,21,1,3.58
381,Cidreira,BR,2022-08-03 05:42:23,-30.1811,-50.2056,60.91,95,85,11.25
382,Trairi,BR,2022-08-03 05:38:22,-3.2778,-39.2689,77.29,78,41,10.0
383,Mitu,CO,2022-08-03 05:42:24,1.1983,-70.1733,66.78,99,91,1.79
384,Avera,US,2022-08-03 05:42:24,33.194,-82.5271,80.65,78,37,4.85
385,Prince George,CA,2022-08-03 05:42:25,53.9166,-122.753,59.61,80,20,2.3
386,Steamboat Springs,US,2022-08-03 05:41:33,40.485,-106.8317,65.79,82,40,4.61
387,Lida,BY,2022-08-03 05:42:26,53.8833,25.2997,64.33,80,30,3.71
388,Longyearbyen,SJ,2022-08-03 05:40:50,78.2186,15.6401,51.64,76,75,4.61
389,Berthierville,CA,2022-08-03 05:42:26,46.0834,-73.1824,57.22,91,10,5.73
390,Souillac,MU,2022-08-03 05:42:27,-20.5167,57.5167,70.18,78,40,9.22
391,Phek,IN,2022-08-03 05:42:27,25.6667,94.5,67.59,88,100,2.55
392,Lata,PT,2022-08-03 05:42:28,40.1629,-8.3327,60.3,93,49,0.65
393,Halifax,CA,2022-08-03 05:41:03,44.6453,-63.5724,67.89,96,79,4.61
394,Merauke,ID,2022-08-03 05:42:28,-8.4667,140.3333,81.07,81,96,14.61
395,Black River,JM,2022-08-03 05:42:29,18.0264,-77.8487,78.48,86,46,3.11
396,Talcahuano,CL,2022-08-03 05:42:29,-36.7167,-73.1167,38.88,93,20,3.44
397,Medicine Hat,CA,2022-08-03 05:42:30,50.0501,-110.6683,70.23,46,75,8.05
398,Maragogi,BR,2022-08-03 05:42:30,-9.0122,-35.2225,74.26,88,66,4.92
399,Richards Bay,ZA,2022-08-03 05:42:31,-28.783,32.0377,63.28,79,14,11.48
400,Nemuro,JP,2022-08-03 05:42:31,43.3236,145.575,61.7,89,99,11.1
401,Pirovskoye,RU,2022-08-03 05:42:32,57.6267,92.2658,59.36,63,99,9.53
402,Mangrol,IN,2022-08-03 05:42:32,21.1167,70.1167,83.84,74,100,8.19
403,Opuwo,NA,2022-08-03 05:42:33,-18.0607,13.84,47.21,13,63,1.52
404,Correntina,BR,2022-08-03 05:42:33,-13.3433,-44.6367,63.5,63,0,3.22
405,Tura,IN,2022-08-03 05:42:34,25.5198,90.2201,80.29,91,100,6.06
406,Ayagoz,KZ,2022-08-03 05:42:34,47.9714,80.4392,82.69,31,43,8.46
407,Cabo San Lucas,MX,2022-08-03 05:37:43,22.8909,-109.9124,84.61,74,3,11.41
408,Sao Felix Do Xingu,BR,2022-08-03 05:42:35,-6.6447,-51.995,70.27,72,25,0.6
409,Menongue,AO,2022-08-03 05:42:35,-14.6585,17.691,53.89,42,67,3.74
410,Omaruru,NA,2022-08-03 05:43:36,-21.4333,15.9333,43.48,23,37,4.14
411,Mananjary,MG,2022-08-03 05:43:37,-21.2167,48.3333,67.71,86,96,7.05
412,Lingao,CN,2022-08-03 05:43:37,19.9103,109.6859,89.08,64,94,8.52
413,Golpayegan,IR,2022-08-03 05:43:38,33.4537,50.2884,85.01,19,16,3.04
414,Kindu,CD,2022-08-03 05:43:39,-2.95,25.95,74.17,82,3,2.15
415,Buin,CL,2022-08-03 05:43:39,-33.7333,-70.75,49.73,89,0,2.44
416,Grand Gaube,MU,2022-08-03 05:43:39,-20.0064,57.6608,73.38,66,15,8.99
417,Karratha,AU,2022-08-03 05:43:40,-20.7377,116.8463,77.34,38,0,15.64
418,Noumea,NC,2022-08-03 05:43:40,-22.2763,166.4572,78.01,99,92,5.99
419,Kasongo-Lunda,CD,2022-08-03 05:43:41,-6.4667,16.8167,70.83,67,36,1.61
420,Sevsk,RU,2022-08-03 05:43:41,52.1491,34.4926,68.7,85,100,12.08
421,Alofi,NU,2022-08-03 05:43:41,-19.0595,-169.9187,76.89,69,67,13.8
422,Faanui,PF,2022-08-03 05:43:42,-16.4833,-151.75,78.55,72,47,22.32
423,Helong,CN,2022-08-03 05:43:43,42.5397,128.9972,88.36,54,98,4.18
424,Xinon Neron,GR,2022-08-03 05:43:43,40.6833,21.6167,74.95,42,2,3.58
425,Sechura,PE,2022-08-03 05:43:44,-5.5569,-80.8222,62.49,87,2,12.33
426,Sehithwa,BW,2022-08-03 05:43:45,-20.4667,22.7167,58.6,57,3,3.85
427,Saint-Joseph,RE,2022-08-03 05:43:46,-21.3667,55.6167,67.21,83,53,13.24
428,Niamey,NE,2022-08-03 05:42:55,13.5137,2.1098,77.29,100,0,5.75
429,Mahibadhoo,MV,2022-08-03 05:43:46,3.7833,72.9667,81.93,75,90,19.55
430,Santander,ES,2022-08-03 05:43:47,43.4647,-3.8044,70.47,94,75,6.91
431,Ahipara,NZ,2022-08-03 05:43:47,-35.1667,173.1667,56.68,87,100,3.6
432,Evensk,RU,2022-08-03 05:43:48,61.95,159.2333,52.86,98,100,9.4
433,Cuenca,EC,2022-08-03 05:42:37,-2.8833,-78.9833,52.61,94,68,2.86
434,Berbera,SO,2022-08-03 05:43:49,10.4396,45.0143,92.3,37,0,24.18
435,Ankazobe,MG,2022-08-03 05:43:49,-18.3167,47.1167,59.58,62,1,10.07
436,Winslow,US,2022-08-03 05:43:50,35.0242,-110.6974,82.58,42,0,12.66
437,Oum Hadjer,TD,2022-08-03 05:43:50,13.2954,19.6966,78.17,75,87,4.52
438,Stornoway,GB,2022-08-03 05:43:51,58.2093,-6.3865,57.16,94,75,9.22
439,Saquena,PE,2022-08-03 05:43:51,-4.6667,-73.5167,76.3,82,100,2.3
440,Comodoro Rivadavia,AR,2022-08-03 05:43:51,-45.8667,-67.5,42.66,61,0,2.3
441,Ondjiva,AO,2022-08-03 05:43:52,-17.0667,15.7333,49.68,22,48,3.2
442,Vanimo,PG,2022-08-03 05:43:52,-2.6741,141.3028,83.39,77,95,10.92
443,Oyem,GA,2022-08-03 05:43:53,1.5995,11.5793,63.68,95,61,3.18
444,Barcelona,ES,2022-08-03 05:42:35,41.3888,2.159,84.72,63,0,9.22
445,Iskateley,RU,2022-08-03 05:43:53,67.6803,53.1512,64.26,63,100,10.96
446,Yumen,CN,2022-08-03 05:43:54,40.2833,97.2,84.45,26,8,8.81
447,Llanes,ES,2022-08-03 05:43:54,43.4198,-4.7549,70.75,86,59,4.7
448,Henties Bay,NA,2022-08-03 05:43:55,-22.116,14.2845,53.04,75,47,4.47
449,College,US,2022-08-03 05:43:55,64.8569,-147.8028,66.18,81,75,8.05
450,Igrim,RU,2022-08-03 05:43:56,63.1906,64.4162,75.24,38,29,4.76
451,Ponta Delgada,PT,2022-08-03 05:43:56,37.7333,-25.6667,66.92,88,20,2.3
452,Oxbow,CA,2022-08-03 05:43:56,49.2333,-102.1676,60.64,85,1,14.94
453,Barentu,ER,2022-08-03 05:44:57,15.1139,37.5928,71.01,78,100,5.95
454,Motygino,RU,2022-08-03 05:44:57,58.1831,94.7592,57.69,67,100,7.74
455,Khasan,RU,2022-08-03 05:44:58,42.4308,130.6434,75.0,92,95,7.47
456,Namie,JP,2022-08-03 05:44:58,37.4833,141.0,89.71,68,99,10.67
457,Junnar,IN,2022-08-03 05:44:59,19.2,73.8833,80.85,66,100,5.28
458,Hualmay,PE,2022-08-03 05:44:59,-11.0964,-77.6139,60.6,87,49,10.16
459,Tiarei,PF,2022-08-03 05:45:00,-17.5333,-149.3333,78.82,76,6,24.87
460,Kudahuvadhoo,MV,2022-08-03 05:45:00,2.6708,72.8944,81.05,77,71,16.93
461,Luganville,VU,2022-08-03 05:45:01,-15.5333,167.1667,81.03,80,21,7.02
462,Hami,CN,2022-08-03 05:45:01,42.8,93.45,88.66,29,1,2.57
463,Limoeiro Do Ajuru,BR,2022-08-03 05:45:01,-1.8953,-49.3806,76.33,88,43,7.31
464,Minden,DE,2022-08-03 05:45:02,52.2833,8.9167,71.82,66,40,8.05
465,Zeerust,ZA,2022-08-03 05:45:03,-25.5369,26.0751,50.99,82,90,7.56
466,Benjamin Constant,BR,2022-08-03 05:45:03,-4.3831,-70.0311,75.33,97,100,1.57
467,Geraldton,AU,2022-08-03 05:45:04,-28.7667,114.6,64.81,68,75,18.41
468,Nalut,LY,2022-08-03 05:45:04,30.3333,10.85,84.74,30,24,12.93
469,Maningrida,AU,2022-08-03 05:45:05,-12.0667,134.2667,84.33,63,100,12.59
470,Baft,IR,2022-08-03 05:45:06,29.234,56.6057,78.19,16,1,7.83
471,Itarema,BR,2022-08-03 05:45:06,-2.9248,-39.9167,77.0,80,8,13.67
472,Mocuba,MZ,2022-08-03 05:45:07,-16.8392,36.9856,67.17,85,25,3.29
473,Haines Junction,CA,2022-08-03 05:45:07,60.7522,-137.5108,55.35,71,98,5.75
474,Kloulklubed,PW,2022-08-03 05:45:08,7.0419,134.2556,75.7,87,100,13.11
475,Itoman,JP,2022-08-03 05:45:08,26.1247,127.6694,87.82,77,75,5.75
476,Shingu,JP,2022-08-03 05:45:09,33.7333,135.9833,93.65,54,21,0.78
477,Ahuimanu,US,2022-08-03 05:45:13,21.4447,-157.8378,78.51,73,40,12.66
478,Kavaratti,IN,2022-08-03 05:45:14,10.5669,72.642,79.36,83,100,23.17
479,Parabel,RU,2022-08-03 05:45:15,58.6978,81.4825,67.51,52,6,11.92
480,Mahebourg,MU,2022-08-03 05:45:15,-20.4081,57.7,73.26,78,40,9.22
481,Sahy,SK,2022-08-03 05:45:16,48.0741,18.9495,72.27,59,55,3.04
482,Champerico,GT,2022-08-03 05:45:17,14.3,-91.9167,80.51,79,33,2.1
483,Orlik,RU,2022-08-03 05:45:18,52.5178,99.825,68.09,57,91,4.56
484,Marzuq,YE,2022-08-03 05:45:18,14.4,46.4667,83.01,46,74,2.77
485,Mandalgovi,MN,2022-08-03 05:45:19,45.7625,106.2708,87.1,29,54,11.12
486,Belmonte,BR,2022-08-03 05:45:19,-15.8631,-38.8828,69.69,85,18,3.58
487,Temizhbekskaya,RU,2022-08-03 05:45:20,45.4456,40.845,79.52,64,15,1.45
488,Olga,RU,2022-08-03 05:45:20,43.7444,135.2892,77.0,79,90,6.53
489,Guarapari,BR,2022-08-03 05:41:58,-20.6667,-40.4975,69.89,90,4,4.92
490,Samarai,PG,2022-08-03 05:45:21,-10.6167,150.6667,80.46,84,26,13.24
491,Walvis Bay,NA,2022-08-03 05:45:22,-22.9575,14.5053,43.75,87,17,6.91
492,Laramie,US,2022-08-03 05:40:37,41.3114,-105.5911,66.52,81,20,6.91
493,Pahrump,US,2022-08-03 05:45:22,36.2083,-115.9839,90.25,38,8,1.99
494,Alihe,CN,2022-08-03 05:45:23,50.5667,123.7167,89.74,31,57,2.93
495,Vaitape,PF,2022-08-03 05:45:23,-16.5167,-151.75,78.53,72,42,22.35
496,Oranjemund,NA,2022-08-03 05:45:24,-28.55,16.4333,51.75,92,0,2.8
497,Turayf,SA,2022-08-03 05:45:24,31.6725,38.6637,84.45,42,0,11.5
498,Monte Alegre,BR,2022-08-03 05:45:25,-2.0078,-54.0692,73.04,93,84,3.47
499,Bandarbeyla,SO,2022-08-03 05:45:25,9.4942,50.8122,84.29,54,21,29.53
500,Tolaga Bay,NZ,2022-08-03 05:45:26,-38.3667,178.3,54.75,80,100,4.72
501,Poum,NC,2022-08-03 05:45:26,-20.2333,164.0167,75.02,85,13,18.48
502,Nipawin,CA,2022-08-03 05:43:45,53.3668,-104.0009,55.44,100,100,10.36
503,Porto Walter,BR,2022-08-03 05:46:28,-8.2686,-72.7439,73.99,95,100,0.89
504,Herat,AF,2022-08-03 05:46:28,34.5,62.0,84.85,21,0,24.09
505,Fort Nelson,CA,2022-08-03 05:43:45,58.8053,-122.7002,56.79,94,100,2.3
506,Shumskiy,RU,2022-08-03 05:46:29,54.8318,99.1328,53.37,94,100,0.72
507,Zabaykalsk,RU,2022-08-03 05:46:30,49.6333,117.3167,90.14,35,35,12.12
508,Vilyuysk,RU,2022-08-03 05:46:30,63.7553,121.6247,72.28,41,20,8.7
509,Tahe,CN,2022-08-03 05:46:31,52.3333,124.7333,88.18,32,30,3.49
510,Klyuchi,RU,2022-08-03 05:46:31,52.2667,79.1667,66.04,51,100,4.68
511,Arlit,NE,2022-08-03 05:46:32,18.7369,7.3853,88.14,40,0,10.67
512,Ouadda,CF,2022-08-03 05:46:33,8.0777,22.4007,69.42,95,100,2.13
513,Jalu,LY,2022-08-03 05:46:33,29.0331,21.5482,82.74,44,0,11.95
514,Ovalle,CL,2022-08-03 05:46:33,-30.5983,-71.2003,50.09,93,1,1.41
515,Tessalit,ML,2022-08-03 05:46:34,20.1986,1.0114,86.85,34,97,2.48
516,Pechenga,RU,2022-08-03 05:46:34,69.5259,31.1703,59.41,88,100,2.98
517,Hasilpur,PK,2022-08-03 05:46:35,29.7122,72.5553,98.28,41,66,4.74
518,Berlevag,NO,2022-08-03 05:46:35,70.8578,29.0864,51.75,93,75,4.61
519,Slyudyanka,RU,2022-08-03 05:46:36,51.6594,103.7061,67.33,79,99,3.51
520,Saint-Georges,GD,2022-08-03 05:41:48,12.0564,-61.7485,80.28,83,20,11.5
521,Juegang,CN,2022-08-03 05:46:36,32.3174,121.1855,98.98,67,6,12.35
522,Moche,PE,2022-08-03 05:46:37,-8.1711,-79.0092,59.18,94,100,9.22
523,Emba,KZ,2022-08-03 05:46:37,48.8264,58.1442,80.67,40,57,7.61
524,Kerman,IR,2022-08-03 05:46:38,30.2832,57.0788,84.06,20,0,4.61
525,Rockhampton,AU,2022-08-03 05:46:38,-23.3833,150.5,75.09,57,20,9.22
526,Ketchikan,US,2022-08-03 05:42:46,55.3422,-131.6461,58.98,100,100,0.0
527,Tarakan,ID,2022-08-03 05:46:39,3.3,117.6333,83.7,79,40,6.91
528,Villazon,BO,2022-08-03 05:46:40,-22.0866,-65.5942,35.2,44,0,3.94
529,Abu Kamal,SY,2022-08-03 05:46:40,34.4506,40.9171,94.37,26,0,7.2
530,Garowe,SO,2022-08-03 05:46:41,8.4054,48.4845,82.36,48,31,27.07
531,Mansoa,GW,2022-08-03 05:46:41,12.0733,-15.3189,77.2,93,100,2.75
532,Salalah,OM,2022-08-03 05:46:42,17.0151,54.0924,77.09,100,75,4.61
533,Namatanai,PG,2022-08-03 05:46:42,-3.6667,152.4333,83.93,69,26,11.12
534,Huarmey,PE,2022-08-03 05:46:42,-10.0681,-78.1522,61.43,88,52,11.18
535,Dao,PH,2022-08-03 05:46:43,11.3937,122.6856,86.02,69,99,6.26
536,Rutul,RU,2022-08-03 05:46:43,41.5357,47.4239,76.26,55,65,1.41
537,Bambanglipuro,ID,2022-08-03 05:46:44,-7.95,110.2833,80.85,78,96,12.82
538,Lincoln,US,2022-08-03 05:43:48,40.8,-96.667,89.51,55,0,20.71
539,Ekhabi,RU,2022-08-03 05:46:45,53.5102,142.9671,58.44,88,100,16.78
540,Vynohradivka,UA,2022-08-03 05:46:45,45.6812,28.5714,73.35,53,0,16.31
541,Goundam,ML,2022-08-03 05:46:46,16.4145,-3.6708,84.97,55,100,6.53
542,Atocha,BO,2022-08-03 05:46:46,-20.9333,-66.2333,37.02,18,0,5.97
543,Catia La Mar,VE,2022-08-03 05:46:47,10.6038,-67.0303,79.0,89,40,3.44
544,Tigre,AR,2022-08-03 05:46:47,-34.426,-58.5796,53.55,95,75,4.0
545,Healdsburg,US,2022-08-03 05:46:48,38.6105,-122.8692,71.13,70,0,5.75
546,Pecos,US,2022-08-03 05:46:48,31.4229,-103.4932,90.43,33,0,14.97
547,Mugango,TZ,2022-08-03 05:46:48,-1.6833,33.7,68.95,63,7,6.4
548,Somerville,US,2022-08-03 05:46:15,42.3876,-71.0995,76.89,67,0,6.91
549,Bradford,GB,2022-08-03 05:47:49,53.7939,-1.7521,65.82,85,40,10.36
550,Havre-Saint-Pierre,CA,2022-08-03 05:47:50,50.2334,-63.5986,61.16,100,75,3.44
551,Mihail Kogalniceanu,RO,2022-08-03 05:47:51,44.3667,28.45,73.67,60,0,8.05
552,Chateauroux,FR,2022-08-03 05:47:51,46.8167,1.7,66.2,77,0,2.3
553,Kizner,RU,2022-08-03 05:47:51,56.2749,51.508,73.17,58,6,6.2
554,Aranda De Duero,ES,2022-08-03 05:44:24,41.6704,-3.6892,72.79,47,70,7.2
555,Manzhouli,CN,2022-08-03 05:47:52,49.6,117.4333,90.18,34,69,13.04
556,Ndele,CF,2022-08-03 05:47:53,8.4109,20.6473,69.93,97,100,2.17
557,Goderich,CA,2022-08-03 05:43:02,43.7501,-81.7165,59.92,94,22,4.61
558,Srednekolymsk,RU,2022-08-03 05:47:53,67.45,153.6833,55.38,86,100,12.5
559,Snasa,NO,2022-08-03 05:47:54,64.2457,12.3778,56.61,75,100,6.24
560,Sovetskiy,RU,2022-08-03 05:47:54,61.3614,63.5842,75.2,36,12,3.87
561,Tashtagol,RU,2022-08-03 05:47:55,52.7657,87.8894,69.31,41,16,7.16
562,Madinat Sittah Uktubar,EG,2022-08-03 05:47:55,29.8167,31.05,80.2,47,8,10.09
563,Ziro,IN,2022-08-03 05:47:55,27.6333,93.8333,56.14,87,100,1.79
564,San Policarpo,PH,2022-08-03 05:47:56,12.1791,125.5072,85.03,69,86,6.38
565,Hobyo,SO,2022-08-03 05:47:56,5.3505,48.5268,80.4,66,28,23.94
566,Vizinga,RU,2022-08-03 05:47:57,61.0749,50.1031,72.84,51,96,5.95
567,Whitehorse,CA,2022-08-03 05:46:34,60.7161,-135.0538,57.97,72,75,0.0
568,Sayyan,YE,2022-08-03 05:47:58,15.1718,44.3244,65.97,55,85,2.55
569,Pemba,MZ,2022-08-03 05:47:58,-12.974,40.5178,72.3,94,20,10.36
570,Saint-Louis,SN,2022-08-03 05:47:59,16.3333,-15.0,79.27,73,27,9.98
571,Port Hardy,CA,2022-08-03 05:44:29,50.6996,-127.4199,57.38,94,100,3.44
572,Yinchuan,CN,2022-08-03 05:47:59,38.4681,106.2731,88.47,39,42,9.98
573,Pacific Grove,US,2022-08-03 05:48:00,36.6177,-121.9166,64.51,87,0,5.01
574,Tanout,NE,2022-08-03 05:48:00,14.9709,8.8879,78.26,69,71,5.61
575,Canhaway,PH,2022-08-03 05:48:01,9.7501,124.4722,86.88,66,79,5.61
576,Durban,ZA,2022-08-03 05:48:01,-29.8579,31.0292,59.92,88,38,5.01
577,Roma,US,2022-08-03 05:48:01,43.2128,-75.4557,65.52,96,3,0.98
578,High Prairie,CA,2022-08-03 05:47:53,55.4334,-116.4858,53.76,73,73,5.55
579,Perevolotskiy,RU,2022-08-03 05:48:03,51.8763,54.1938,73.99,60,9,10.38
580,San Martin,AR,2022-08-03 05:48:03,-33.081,-68.4681,52.34,58,1,8.55
581,Nuuk,GL,2022-08-03 05:48:04,64.1835,-51.7216,48.81,87,99,12.66
582,Varena,LT,2022-08-03 05:48:04,54.2167,24.5667,65.3,68,49,2.93
583,Innisfail,AU,2022-08-03 05:48:05,-17.5333,146.0333,73.02,80,99,7.0
584,Beziers,FR,2022-08-03 05:48:05,43.3476,3.219,74.34,60,0,3.44
585,Poso,ID,2022-08-03 05:48:06,-1.3959,120.7524,83.5,73,41,4.05
586,Khuzhir,RU,2022-08-03 05:48:07,53.1939,107.3397,59.45,82,100,4.97
587,Dongli,CN,2022-08-03 05:48:07,23.5656,116.8194,87.78,70,20,15.66
588,Hervey Bay,AU,2022-08-03 05:48:08,-25.2986,152.8535,66.81,74,31,5.12
589,Coahuayana,MX,2022-08-03 05:48:08,18.7333,-103.6833,77.92,89,70,2.91
590,Bensonville,LR,2022-08-03 05:48:09,6.4461,-10.6125,72.63,92,92,4.18
591,Sheboygan,US,2022-08-03 05:48:09,43.7333,-87.9334,78.78,84,0,8.05
592,Livingstonia,MW,2022-08-03 05:48:10,-10.606,34.1063,61.27,71,17,5.64
593,Belyy Yar,RU,2022-08-03 05:48:11,53.6039,91.3903,66.09,63,0,6.71
594,Mana,GF,2022-08-03 05:48:11,5.6592,-53.7767,75.88,92,100,7.38
595,Arraial Do Cabo,BR,2022-08-03 05:44:37,-22.9661,-42.0278,68.7,89,0,7.0
596,Anadyr,RU,2022-08-03 05:49:12,64.75,177.4833,66.7,55,0,11.18
597,Brownsville,US,2022-08-03 05:48:30,25.9018,-97.4975,84.15,81,0,20.71
598,Ortakoy,TR,2022-08-03 05:49:12,38.7373,34.0387,70.05,61,1,9.75
599,Eyl,SO,2022-08-03 05:49:14,7.9803,49.8164,84.85,52,6,27.78
600,Singkang,MY,2022-08-03 05:49:14,2.1006,102.7994,86.5,60,100,5.53
601,Hirado,JP,2022-08-03 05:49:15,33.3597,129.5531,82.6,86,3,14.5
602,Alekseyevka,RU,2022-08-03 05:49:16,50.6309,38.6903,70.23,79,99,10.38
603,Pampierstad,ZA,2022-08-03 05:49:16,-27.7832,24.6877,53.69,79,94,13.96
604,Karakol,KG,2022-08-03 05:49:17,42.4907,78.3936,69.26,43,100,6.58
605,Antequera,ES,2022-08-03 05:49:17,37.0194,-4.5612,75.45,53,0,5.82
606,Antalaha,MG,2022-08-03 05:49:17,-14.9003,50.2788,74.46,59,14,10.02
607,Caravelas,BR,2022-08-03 05:49:18,-17.7125,-39.2481,67.77,88,0,4.0
608,Kushima,JP,2022-08-03 05:49:18,31.4583,131.2333,88.0,69,95,9.06
609,Newport,GB,2022-08-03 05:49:19,51.5877,-2.9984,68.45,91,99,12.48
610,Maneadero,MX,2022-08-03 05:49:19,31.7167,-116.5667,70.11,85,57,1.01
611,Antofagasta,CL,2022-08-03 05:45:33,-23.65,-70.4,58.28,88,51,2.06
612,Rio Grande,BR,2022-08-03 05:44:45,-32.035,-52.0986,55.94,91,97,8.93
613,Farmington,US,2022-08-03 05:49:20,36.7281,-108.2187,79.48,29,0,0.0
614,Prado,BR,2022-08-03 05:49:21,-17.3411,-39.2208,68.88,86,3,4.5
615,Zima,RU,2022-08-03 05:49:22,53.9202,102.0442,66.97,64,94,8.34
616,Mitsamiouli,KM,2022-08-03 05:49:22,-11.3847,43.2844,77.29,69,20,9.22
617,Makokou,GA,2022-08-03 05:49:22,0.5738,12.8642,68.13,88,19,3.85
618,Siva,EG,2022-08-03 05:49:23,29.2041,25.5195,85.14,41,0,4.38
619,Isangel,VU,2022-08-03 05:49:24,-19.55,169.2667,79.36,80,53,3.58
620,Kruisfontein,ZA,2022-08-03 05:49:24,-34.0033,24.7314,58.15,63,8,4.88
621,Dukat,RU,2022-08-03 05:49:25,62.55,155.55,61.66,65,99,7.45
622,Camana,PE,2022-08-03 05:49:25,-16.6228,-72.7111,59.0,83,45,7.25
623,La Sarre,CA,2022-08-03 05:49:26,48.8002,-79.1996,57.96,59,52,8.55
624,Abu Samrah,SY,2022-08-03 05:49:26,35.3029,37.1841,84.45,42,0,7.78
625,Marsh Harbour,BS,2022-08-03 05:49:27,26.5412,-77.0636,81.97,72,4,11.34
626,Ancud,CL,2022-08-03 05:49:27,-41.8697,-73.8203,45.23,90,100,4.68
627,Loveland,US,2022-08-03 05:44:36,40.3978,-105.075,77.61,53,100,8.05
628,Tsiroanomandidy,MG,2022-08-03 05:49:28,-18.7667,46.0333,67.57,47,0,3.83
629,Saint-Denis,FR,2022-08-03 05:49:27,48.9167,2.3333,72.37,75,0,5.75
630,Gat,IL,2022-08-03 05:47:03,31.61,34.7642,88.39,100,1,4.29
631,Nichinan,JP,2022-08-03 05:49:29,31.6,131.3667,87.48,69,66,11.07
632,Saint-Augustin,CA,2022-08-03 05:49:29,51.226,-58.6502,62.94,94,85,12.62
633,Zelenets,RU,2022-08-03 05:49:30,61.8849,50.7489,73.65,49,100,6.8
634,Cibitoke,BI,2022-08-03 05:49:30,-2.8833,29.25,67.95,60,26,0.67
635,Fort Collins,US,2022-08-03 05:49:31,40.5853,-105.0844,76.5,54,100,8.05
636,Atambua,ID,2022-08-03 05:49:31,-9.1061,124.8925,82.2,49,87,2.42
637,Port-Cartier,CA,2022-08-03 05:49:32,50.0334,-66.8654,62.28,75,1,7.94
638,Indiana,US,2022-08-03 05:49:33,40.0003,-86.2503,70.43,91,0,4.61
639,Port Hedland,AU,2022-08-03 05:49:33,-20.3167,118.5667,80.65,36,12,18.41
640,Ust-Kuyga,RU,2022-08-03 05:50:33,70.0167,135.6,49.33,74,100,6.11
641,Harer,ET,2022-08-03 05:50:34,9.3094,42.1258,60.26,77,95,5.91
642,Jiblah,YE,2022-08-03 05:50:34,13.9216,44.1467,69.28,56,71,3.24
643,Vytegra,RU,2022-08-03 05:50:35,61.0064,36.4481,65.32,75,41,6.11
644,Hickory,US,2022-08-03 05:50:35,35.7332,-81.3412,74.17,91,56,3.65
645,Bayonet Point,US,2022-08-03 05:50:36,28.3267,-82.6834,82.94,86,52,7.43
646,Myaundzha,RU,2022-08-03 05:50:36,63.0494,147.1858,69.78,57,96,3.53
647,Choa Saidan Shah,PK,2022-08-03 05:50:37,32.7201,72.9849,88.95,52,50,3.83
648,Saint-Francois,FR,2022-08-03 05:50:37,46.4154,3.9054,64.67,88,0,2.3
649,Naron,ES,2022-08-03 05:45:42,43.5167,-8.1528,68.04,90,57,9.42
650,Sola,VU,2022-08-03 05:48:30,-13.8833,167.55,81.68,76,1,12.91
651,Upanema,BR,2022-08-03 05:50:38,-5.6419,-37.2578,75.16,85,89,6.33
652,Longhua,CN,2022-08-03 05:50:38,23.6137,114.1919,87.1,70,97,3.15
653,Seoul,KR,2022-08-03 05:48:07,37.5683,126.9778,87.4,77,75,9.22
654,Severomuysk,RU,2022-08-03 05:50:39,56.1481,113.4267,55.74,86,89,7.11
655,Aripuana,BR,2022-08-03 05:50:40,-9.1667,-60.6333,75.6,54,100,1.12
656,Sasebo,JP,2022-08-03 05:50:40,33.1592,129.7228,89.58,66,3,8.95
657,Mollendo,PE,2022-08-03 05:50:40,-17.0231,-72.0147,57.54,87,76,6.76
658,Meadow Lake,US,2022-08-03 05:50:41,34.8014,-106.5436,80.46,38,39,3.29
659,Lithgow,AU,2022-08-03 05:46:42,-33.4833,150.15,59.27,71,15,12.97
660,Te Anau,NZ,2022-08-03 05:50:42,-45.4167,167.7167,44.37,87,67,5.23
661,Bambous Virieux,MU,2022-08-03 05:50:42,-20.3428,57.7575,73.22,78,40,9.22
662,Marigot,MF,2022-08-03 05:46:40,18.0667,-63.0833,82.04,75,8,18.23
663,Gambela,ET,2022-08-03 05:50:43,8.25,34.5833,74.19,76,54,2.46
664,Bilibino,RU,2022-08-03 05:50:43,68.0546,166.4372,53.13,97,100,3.83
665,Hambantota,LK,2022-08-03 05:50:43,6.1241,81.1185,84.54,79,75,18.41
666,Krasnyye Tkachi,RU,2022-08-03 05:50:44,57.4926,39.7563,67.82,58,100,4.18
667,Kailua,US,2022-08-03 05:50:44,21.4022,-157.7394,78.78,74,40,10.36
668,Kupang,ID,2022-08-03 05:50:45,-10.1667,123.5833,85.66,50,36,8.57
669,Jaguey Grande,CU,2022-08-03 05:50:45,22.5269,-81.1286,74.46,94,10,4.23
670,Barcelos,PT,2022-08-03 05:50:45,41.5388,-8.6151,66.85,94,11,0.89
671,Vysokogornyy,RU,2022-08-03 05:50:46,50.1167,139.15,67.17,92,100,3.22
672,Zaragoza,ES,2022-08-03 05:50:18,41.6561,-0.8773,79.02,56,20,5.75
673,Xining,CN,2022-08-03 05:50:46,36.6167,101.7667,79.81,55,28,9.86
674,Acapulco,MX,2022-08-03 05:48:08,16.8634,-99.8901,84.02,84,100,0.0
675,Kumluca,TR,2022-08-03 05:50:47,36.3703,30.2869,89.31,51,0,4.36
676,Rio Cauto,CU,2022-08-03 05:50:47,20.5603,-76.9161,75.06,92,0,6.33
677,Tres Picos,MX,2022-08-03 05:50:48,15.8667,-93.5333,79.75,76,61,4.14
678,Suleja,NG,2022-08-03 05:50:48,9.1758,7.1808,72.59,91,98,2.93
679,Majene,ID,2022-08-03 05:50:49,-3.5403,118.9707,84.52,68,45,3.51
680,Talas,TR,2022-08-03 05:50:49,38.6908,35.5538,72.27,60,0,6.91
681,Ajdabiya,LY,2022-08-03 05:50:50,30.7554,20.2263,79.68,64,0,11.39
682,Husavik,IS,2022-08-03 05:50:50,66.0449,-17.3389,44.82,98,100,19.82
683,Podosinovets,RU,2022-08-03 05:50:50,60.2776,47.0659,71.6,58,99,3.67
684,Ust-Nera,RU,2022-08-03 05:50:51,64.5667,143.2,73.96,57,94,6.11
685,Cabinda,AO,2022-08-03 05:50:51,-5.55,12.2,69.3,84,90,8.57
686,Komsomolskiy,UZ,2022-08-03 05:50:52,40.4272,71.7189,81.32,41,5,6.91
687,Katherine,AU,2022-08-03 05:48:13,-14.4667,132.2667,89.92,37,0,3.44
688,Biltine,TD,2022-08-03 05:50:52,14.5333,20.9167,79.2,64,100,7.23
689,Puerto Palomas,MX,2022-08-03 05:51:53,31.7667,-107.6167,80.85,47,90,15.95
690,Makakilo City,US,2022-08-03 05:51:36,21.3469,-158.0858,77.32,68,20,13.8
691,Limbe,CM,2022-08-03 05:51:53,4.0242,9.2149,73.67,92,95,3.2
692,Puri,IN,2022-08-03 05:51:54,19.8,85.85,90.12,68,95,8.59
693,Port Macquarie,AU,2022-08-03 05:48:56,-31.4333,152.9167,69.89,61,27,12.28
694,Agirish,RU,2022-08-03 05:51:54,61.9247,63.0231,76.06,33,46,3.53
695,Kununurra,AU,2022-08-03 05:51:55,-15.7667,128.7333,93.18,26,52,6.91
